t_s,event_id,rpm_true,err_deg,err_us,transient
0.592500,2,200.00,-0.0096,-8.0,0
0.639167,3,200.00,0.0144,12.0,0
0.742500,4,200.00,0.0204,17.0,0
0.789167,5,200.00,-0.0228,-19.0,0
0.892500,6,200.00,0.0012,1.0,0
0.939167,7,200.00,0.0072,6.0,0
1.040089,0,224.05,0.3737,278.0,1
1.079650,1,247.79,0.4252,286.0,1
1.155997,2,293.60,0.1903,108.0,1
1.186816,3,312.09,0.0468,25.0,1
1.249285,4,349.57,0.1217,58.0,1
1.275400,5,365.24,0.1731,79.0,1
1.329573,6,397.74,0.1217,51.0,1
1.352637,7,411.58,0.0321,13.0,1
1.401136,0,440.68,0.0952,36.0,1
1.422018,1,453.21,0.1169,43.0,1
1.466320,2,479.79,0.0950,33.0,1
1.485542,3,491.32,0.0029,1.0,1
1.526577,4,515.95,0.0681,22.0,1
1.544480,5,526.69,0.0664,21.0,1
1.582879,6,549.73,0.0759,23.0,1
1.599703,7,559.82,0.0134,4.0,1
1.635916,0,581.55,0.0349,10.0,1
1.651835,1,591.10,0.0567,16.0,1
1.686198,2,611.72,0.0551,15.0,1
1.701344,3,620.81,-0.0074,-2.0,1
1.734115,4,640.47,0.0346,9.0,1
1.748589,5,649.15,0.0584,15.0,1
1.779970,6,667.98,0.0281,7.0,1
1.793856,7,676.31,0.0284,7.0,1
1.824011,0,694.41,0.0500,12.0,1
1.837374,1,702.42,0.0590,14.0,1
1.866436,2,719.86,0.0302,7.0,1
1.879332,3,727.60,-0.0044,-1.0,1
1.907411,4,744.45,0.0223,5.0,1
1.919885,5,751.93,0.0722,16.0,1
1.947075,6,768.24,0.0230,5.0,1
1.959167,7,775.50,0.0279,6.0,1
1.985547,0,791.33,0.0000,0.0,1
1.997289,1,798.37,0.0671,14.0,1
2.023125,2,800.00,-0.0144,-3.0,0
2.034792,3,800.00,-0.0240,-5.0,0
2.060625,4,800.00,-0.0048,-1.0,0
2.072292,5,800.00,0.0288,6.0,0
2.098125,6,800.00,0.0048,1.0,0
2.109792,7,800.00,-0.0048,-1.0,0
2.135625,0,800.00,0.0000,0.0,0
2.147292,1,800.00,0.0048,1.0,0
2.173125,2,800.00,0.0288,6.0,0
2.184792,3,800.00,-0.0096,-2.0,0
2.210625,4,800.00,-0.0048,-1.0,0
2.222292,5,800.00,-0.0048,-1.0,0
2.248125,6,800.00,0.0192,4.0,0
2.259792,7,800.00,0.0096,2.0,0
2.285625,0,800.00,0.0240,5.0,0
2.297292,1,800.00,-0.0144,-3.0,0
2.323125,2,800.00,0.0000,0.0,0
2.334792,3,800.00,0.0144,3.0,0
2.360625,4,800.00,0.0048,1.0,0
2.372292,5,800.00,-0.0144,-3.0,0
2.398125,6,800.00,-0.0288,-6.0,0
2.409792,7,800.00,0.0192,4.0,0
2.435625,0,800.00,-0.0144,-3.0,0
2.447292,1,800.00,0.0000,0.0,0
2.473125,2,800.00,-0.0192,-4.0,0
2.484792,3,800.00,-0.0144,-3.0,0
2.510625,4,800.00,0.0096,2.0,0
2.522292,5,800.00,0.0096,2.0,0
2.548125,6,800.00,0.0144,3.0,0
2.559792,7,800.00,-0.0240,-5.0,0
2.585625,0,800.00,-0.0096,-2.0,0
2.597292,1,800.00,-0.0288,-6.0,0
2.623125,2,800.00,0.0096,2.0,0
2.634792,3,800.00,-0.0144,-3.0,0
2.660625,4,800.00,-0.0144,-3.0,0
2.672292,5,800.00,0.0144,3.0,0
2.698125,6,800.00,-0.0192,-4.0,0
2.709792,7,800.00,-0.0144,-3.0,0
2.735625,0,800.00,-0.0144,-3.0,0
2.747292,1,800.00,-0.0096,-2.0,0
2.773125,2,800.00,0.0048,1.0,0
2.784792,3,800.00,-0.0048,-1.0,0
2.810625,4,800.00,-0.0048,-1.0,0
2.822292,5,800.00,-0.0096,-2.0,0
2.848125,6,800.00,0.0192,4.0,0
2.859792,7,800.00,0.0240,5.0,0
2.885625,0,800.00,0.0000,0.0,0
2.897292,1,800.00,0.0000,0.0,0
2.923125,2,800.00,0.0240,5.0,0
2.934792,3,800.00,0.0240,5.0,0
2.960625,4,800.00,0.0144,3.0,0
2.972292,5,800.00,0.0096,2.0,0
2.998125,6,800.00,-0.0144,-3.0,0
3.009747,7,806.82,0.0145,3.0,1
3.035066,0,824.55,0.0297,6.0,1
3.046324,1,832.43,0.0150,3.0,1
3.070880,2,849.62,0.0102,2.0,1
3.081808,3,857.26,0.0000,0.0,1
3.105667,4,873.97,0.0262,5.0,1
3.116295,5,881.41,0.0317,6.0,1
3.139512,6,897.66,0.0323,6.0,1
3.149861,7,904.90,0.0000,0.0,1
3.172487,0,920.74,0.0166,3.0,1
3.182579,1,927.80,0.0334,6.0,1
3.204656,2,943.26,0.0340,6.0,1
3.214508,3,950.15,-0.0171,-3.0,1
3.236075,4,965.25,0.0232,4.0,1
3.245705,5,971.99,0.0233,4.0,1
3.266794,6,986.76,0.0178,3.0,1
3.276215,7,993.35,0.0119,2.0,1
3.296858,0,1007.80,0.0121,2.0,1
3.306084,1,1014.26,0.0243,4.0,1
3.326307,2,1028.41,0.0062,1.0,1
3.335349,3,1034.74,-0.0062,-1.0,1
3.355179,4,1048.62,0.0189,3.0,1
3.364048,5,1054.83,0.0316,5.0,1
3.383504,6,1068.45,0.0385,6.0,1
3.392209,7,1074.55,-0.0064,-1.0,1
3.411313,0,1087.92,0.0065,1.0,1
3.419864,1,1093.90,0.0131,2.0,1
3.438634,2,1107.04,0.0199,3.0,1
3.447038,3,1112.93,-0.0067,-1.0,1
3.465490,4,1125.84,-0.0135,-2.0,1
3.473756,5,1131.63,0.0272,4.0,1
3.491906,6,1144.33,-0.0069,-1.0,1
3.500038,7,1150.03,0.0207,3.0,1
3.517903,0,1162.53,0.0140,2.0,1
3.525908,1,1168.14,0.0140,2.0,1
3.543499,2,1180.45,0.0071,1.0,1
3.551383,3,1185.97,0.0000,0.0,1
3.568712,4,1198.10,0.0216,3.0,1
3.576480,5,1203.54,0.0072,1.0,1
3.593556,6,1215.49,0.0146,2.0,1
3.601213,7,1220.85,0.0073,1.0,1
3.618049,0,1232.63,-0.0074,-1.0,1
3.625600,1,1237.92,-0.0074,-1.0,1
3.642206,2,1249.54,0.0150,2.0,1
3.649655,3,1254.76,-0.0075,-1.0,1
3.666042,4,1266.23,0.0304,4.0,1
3.673393,5,1271.37,0.0076,1.0,1
3.689566,6,1282.70,0.0000,0.0,1
3.696823,7,1287.78,0.0077,1.0,1
3.712793,0,1298.95,-0.0156,-2.0,1
3.719960,1,1303.97,-0.0078,-1.0,1
3.735732,2,1315.01,0.0079,1.0,1
3.742813,3,1319.97,0.0238,3.0,1
3.758396,4,1330.88,0.0160,2.0,1
3.765392,5,1335.77,0.0000,0.0,1
3.780793,6,1346.56,0.0162,2.0,1
3.787708,7,1351.39,0.0162,2.0,1
3.802931,0,1362.05,0.0163,2.0,1
3.809769,1,1366.84,0.0246,3.0,1
3.824821,2,1377.37,0.0083,1.0,1
3.831583,3,1382.11,0.0249,3.0,1
3.846470,4,1392.53,-0.0084,-1.0,1
3.853158,5,1397.21,0.0000,0.0,1
3.867887,6,1407.52,0.0084,1.0,1
3.874503,7,1412.15,0.0169,2.0,1
3.889077,0,1422.35,-0.0085,-1.0,1
3.895625,1,1426.94,0.0171,2.0,1
3.910050,2,1437.03,0.0086,1.0,1
3.916531,3,1441.57,0.0173,2.0,1
3.930810,4,1451.57,0.0000,0.0,1
3.937226,5,1456.06,0.0175,2.0,1
3.951364,6,1465.95,0.0176,2.0,1
3.957718,7,1470.40,0.0088,1.0,1
3.971719,0,1480.20,0.0089,1.0,1
3.978012,1,1484.61,0.0356,4.0,1
3.991879,2,1494.32,-0.0090,-1.0,1
3.998113,3,1498.68,0.0090,1.0,1
4.011889,4,1500.00,0.0090,1.0,0
4.018112,5,1500.00,0.0000,0.0,0
4.031889,6,1500.00,0.0090,1.0,0
4.038111,7,1500.00,-0.0180,-2.0,0
4.051890,0,1500.00,0.0090,1.0,0
4.058111,1,1500.00,0.0000,0.0,0
4.071888,2,1500.00,-0.0270,-3.0,0
4.078112,3,1500.00,0.0000,0.0,0
4.091889,4,1500.00,0.0090,1.0,0
4.098112,5,1500.00,0.0090,1.0,0
4.111890,6,1500.00,0.0180,2.0,0
4.118111,7,1500.00,-0.0090,-1.0,0
4.131889,0,1500.00,0.0180,2.0,0
4.138111,1,1500.00,-0.0180,-2.0,0
4.151889,2,1500.00,0.0000,0.0,0
4.158112,3,1500.00,0.0000,0.0,0
4.171889,4,1500.00,-0.0090,-1.0,0
4.178111,5,1500.00,-0.0090,-1.0,0
4.191890,6,1500.00,0.0090,1.0,0
4.198111,7,1500.00,-0.0090,-1.0,0
4.211889,0,1500.00,0.0000,0.0,0
4.218111,1,1500.00,0.0090,1.0,0
4.231890,2,1500.00,0.0000,0.0,0
4.238112,3,1500.00,0.0180,2.0,0
4.251889,4,1500.00,-0.0180,-2.0,0
4.258111,5,1500.00,0.0090,1.0,0
4.271890,6,1500.00,0.0180,2.0,0
4.278111,7,1500.00,0.0000,0.0,0
4.291889,0,1500.00,-0.0090,-1.0,0
4.298111,1,1500.00,-0.0090,-1.0,0
4.311889,2,1500.00,0.0090,1.0,0
4.318111,3,1500.00,-0.0180,-2.0,0
4.331889,4,1500.00,0.0000,0.0,0
4.338112,5,1500.00,0.0090,1.0,0
4.351890,6,1500.00,0.0090,1.0,0
4.358112,7,1500.00,0.0180,2.0,0
4.371889,0,1500.00,0.0090,1.0,0
4.378111,1,1500.00,-0.0090,-1.0,0
4.391890,2,1500.00,0.0090,1.0,0
4.398112,3,1500.00,0.0090,1.0,0
4.411890,4,1500.00,0.0180,2.0,0
4.418111,5,1500.00,0.0000,0.0,0
4.431889,6,1500.00,-0.0360,-4.0,0
4.438111,7,1500.00,-0.0270,-3.0,0
4.451889,0,1500.00,-0.0180,-2.0,0
4.458112,1,1500.00,0.0000,0.0,0
4.471889,2,1500.00,0.0000,0.0,0
4.478112,3,1500.00,0.0000,0.0,0
4.491890,4,1500.00,0.0000,0.0,0
4.498112,5,1500.00,0.0090,1.0,0
4.511889,6,1500.00,-0.0180,-2.0,0
4.518111,7,1500.00,-0.0360,-4.0,0
4.531889,0,1500.00,0.0000,0.0,0
4.538111,1,1500.00,0.0090,1.0,0
4.551889,2,1500.00,0.0090,1.0,0
4.558112,3,1500.00,0.0000,0.0,0
4.571890,4,1500.00,0.0000,0.0,0
4.578112,5,1500.00,0.0090,1.0,0
4.591890,6,1500.00,0.0090,1.0,0
4.598111,7,1500.00,0.0090,1.0,0
4.611889,0,1500.00,0.0000,0.0,0
4.618111,1,1500.00,-0.0180,-2.0,0
4.631889,2,1500.00,-0.0090,-1.0,0
4.638111,3,1500.00,0.0000,0.0,0
4.651889,4,1500.00,0.0000,0.0,0
4.658112,5,1500.00,0.0090,1.0,0
4.671889,6,1500.00,-0.0090,-1.0,0
4.678111,7,1500.00,-0.0090,-1.0,0
4.691889,0,1500.00,0.0000,0.0,0
4.698111,1,1500.00,0.0000,0.0,0
4.711888,2,1500.00,-0.0270,-3.0,0
4.718111,3,1500.00,0.0000,0.0,0
4.731890,4,1500.00,0.0090,1.0,0
4.738111,5,1500.00,0.0000,0.0,0
4.751889,6,1500.00,0.0090,1.0,0
4.758111,7,1500.00,0.0000,0.0,0
4.771889,0,1500.00,-0.0180,-2.0,0
4.778112,1,1500.00,0.0090,1.0,0
4.791889,2,1500.00,-0.0090,-1.0,0
4.798111,3,1500.00,-0.0090,-1.0,0
4.811890,4,1500.00,0.0000,0.0,0
4.818111,5,1500.00,0.0000,0.0,0
4.831889,6,1500.00,-0.0360,-4.0,0
4.838111,7,1500.00,-0.0090,-1.0,0
4.851889,0,1500.00,0.0000,0.0,0
4.858112,1,1500.00,0.0180,2.0,0
4.871890,2,1500.00,0.0180,2.0,0
4.878111,3,1500.00,0.0000,0.0,0
4.891889,4,1500.00,-0.0180,-2.0,0
4.898112,5,1500.00,0.0000,0.0,0
4.911889,6,1500.00,-0.0180,-2.0,0
4.918112,7,1500.00,0.0090,1.0,0
4.931889,0,1500.00,-0.0180,-2.0,0
4.938112,1,1500.00,-0.0180,-2.0,0
4.951889,2,1500.00,-0.0090,-1.0,0
4.958112,3,1500.00,0.0180,2.0,0
4.971889,4,1500.00,0.0000,0.0,0
4.978111,5,1500.00,0.0000,0.0,0
4.991889,6,1500.00,0.0090,1.0,0
4.998111,7,1500.00,0.0090,1.0,0
5.011889,0,1500.00,-0.0180,-2.0,0
5.018112,1,1500.00,0.0090,1.0,0
5.031889,2,1500.00,-0.0090,-1.0,0
5.038112,3,1500.00,0.0270,3.0,0
5.051890,4,1500.00,0.0090,1.0,0
5.058111,5,1500.00,0.0090,1.0,0
5.071890,6,1500.00,0.0270,3.0,0
5.078111,7,1500.00,-0.0180,-2.0,0
5.091890,0,1500.00,0.0090,1.0,0
5.098111,1,1500.00,0.0000,0.0,0
5.111889,2,1500.00,-0.0090,-1.0,0
5.118111,3,1500.00,-0.0360,-4.0,0
5.131890,4,1500.00,0.0000,0.0,0
5.138112,5,1500.00,0.0270,3.0,0
5.151890,6,1500.00,0.0090,1.0,0
5.158111,7,1500.00,-0.0090,-1.0,0
5.171890,0,1500.00,0.0180,2.0,0
5.178112,1,1500.00,0.0090,1.0,0
5.191890,2,1500.00,0.0090,1.0,0
5.198111,3,1500.00,-0.0180,-2.0,0
5.211889,4,1500.00,-0.0090,-1.0,0
5.218111,5,1500.00,0.0000,0.0,0
5.231890,6,1500.00,0.0090,1.0,0
5.238111,7,1500.00,-0.0270,-3.0,0
5.251889,0,1500.00,0.0000,0.0,0
5.258112,1,1500.00,0.0090,1.0,0
5.271889,2,1500.00,0.0000,0.0,0
5.278111,3,1500.00,-0.0270,-3.0,0
5.291890,4,1500.00,0.0000,0.0,0
5.298112,5,1500.00,0.0180,2.0,0
5.311890,6,1500.00,0.0000,0.0,0
5.318111,7,1500.00,-0.0180,-2.0,0
5.331889,0,1500.00,0.0180,2.0,0
5.338111,1,1500.00,-0.0090,-1.0,0
5.351889,2,1500.00,-0.0090,-1.0,0
5.358112,3,1500.00,0.0000,0.0,0
5.371889,4,1500.00,-0.0090,-1.0,0
5.378111,5,1500.00,-0.0180,-2.0,0
5.391890,6,1500.00,0.0180,2.0,0
5.398111,7,1500.00,0.0000,0.0,0
5.411888,0,1500.00,-0.0180,-2.0,0
5.418111,1,1500.00,0.0000,0.0,0
5.431889,2,1500.00,0.0180,2.0,0
5.438111,3,1500.00,-0.0180,-2.0,0
5.451889,4,1500.00,-0.0090,-1.0,0
5.458112,5,1500.00,0.0090,1.0,0
5.471889,6,1500.00,0.0090,1.0,0
5.478111,7,1500.00,-0.0090,-1.0,0
5.491889,0,1500.00,0.0000,0.0,0
5.498112,1,1500.00,0.0000,0.0,0
5.511890,2,1500.00,0.0180,2.0,0
5.518112,3,1500.00,0.0270,3.0,0
5.531890,4,1500.00,0.0090,1.0,0
5.538111,5,1500.00,0.0090,1.0,0
5.551889,6,1500.00,0.0090,1.0,0
5.558111,7,1500.00,-0.0090,-1.0,0
5.571889,0,1500.00,0.0090,1.0,0
5.578111,1,1500.00,0.0090,1.0,0
5.591890,2,1500.00,0.0090,1.0,0
5.598112,3,1500.00,0.0270,3.0,0
5.611890,4,1500.00,0.0090,1.0,0
5.618111,5,1500.00,-0.0270,-3.0,0
5.631889,6,1500.00,0.0090,1.0,0
5.638111,7,1500.00,-0.0180,-2.0,0
5.651889,0,1500.00,0.0000,0.0,0
5.658111,1,1500.00,-0.0090,-1.0,0
5.671889,2,1500.00,-0.0090,-1.0,0
5.678111,3,1500.00,-0.0090,-1.0,0
5.691890,4,1500.00,0.0180,2.0,0
5.698111,5,1500.00,-0.0180,-2.0,0
5.711890,6,1500.00,0.0090,1.0,0
5.718112,7,1500.00,0.0180,2.0,0
5.731889,0,1500.00,0.0000,0.0,0
5.738111,1,1500.00,0.0000,0.0,0
5.751889,2,1500.00,0.0000,0.0,0
5.758111,3,1500.00,-0.0180,-2.0,0
5.771889,4,1500.00,0.0000,0.0,0
5.778112,5,1500.00,0.0090,1.0,0
5.791889,6,1500.00,0.0000,0.0,0
5.798112,7,1500.00,0.0270,3.0,0
5.811889,0,1500.00,-0.0180,-2.0,0
5.818112,1,1500.00,0.0270,3.0,0
5.831889,2,1500.00,0.0090,1.0,0
5.838111,3,1500.00,0.0000,0.0,0
5.851888,4,1500.00,0.0000,0.0,0
5.858111,5,1500.00,0.0000,0.0,0
5.871890,6,1500.00,0.0090,1.0,0
5.878111,7,1500.00,-0.0090,-1.0,0
5.891889,0,1500.00,-0.0180,-2.0,0
5.898112,1,1500.00,0.0180,2.0,0
5.911889,2,1500.00,-0.0180,-2.0,0
5.918111,3,1500.00,0.0090,1.0,0
5.931889,4,1500.00,0.0000,0.0,0
5.938111,5,1500.00,-0.0180,-2.0,0
5.951890,6,1500.00,0.0090,1.0,0
5.958112,7,1500.00,0.0270,3.0,0
5.971889,0,1500.00,0.0000,0.0,0
5.978111,1,1500.00,-0.0090,-1.0,0
5.991890,2,1500.00,0.0180,2.0,0
5.998111,3,1500.00,0.0000,0.0,0
6.011783,4,1523.56,0.0091,1.0,1
6.017877,5,1535.75,0.0184,2.0,1
6.031198,6,1562.39,-0.0094,-1.0,1
6.037141,7,1574.28,-0.0189,-2.0,1
6.050143,0,1600.29,0.0192,2.0,1
6.055947,1,1611.89,0.0387,4.0,1
6.068649,2,1637.30,-0.0098,-1.0,1
6.074323,3,1648.65,0.0099,1.0,1
6.086748,4,1673.49,-0.0201,-2.0,1
6.092299,5,1684.60,0.0000,0.0,1
6.104464,6,1708.93,0.0000,0.0,1
6.109900,7,1719.80,-0.0310,-3.0,1
6.121819,0,1743.64,-0.0105,-1.0,1
6.127149,1,1754.30,-0.0105,-1.0,1
6.138837,2,1777.67,0.0000,0.0,1
6.144065,3,1788.13,0.0000,0.0,1
6.155536,4,1811.07,0.0326,3.0,1
6.160667,5,1821.33,0.0000,0.0,1
6.171932,6,1843.86,0.0221,2.0,1
6.176973,7,1853.94,-0.0111,-1.0,1
6.188042,0,1876.08,0.0225,2.0,1
6.192997,1,1885.99,0.0000,0.0,1
6.203879,2,1907.76,0.0000,0.0,1
6.208753,3,1917.51,0.0000,0.0,1
6.219460,4,1938.92,0.0000,0.0,1
6.224256,5,1948.51,0.0000,0.0,1
6.234793,6,1969.59,0.0236,2.0,1
6.239514,7,1979.03,0.0000,0.0,1
6.249892,0,1999.78,0.0120,1.0,1
6.254543,1,2009.08,-0.0121,-1.0,1
6.264766,2,2029.53,-0.0122,-1.0,1
6.269349,3,2038.70,0.0000,0.0,1
6.279427,4,2058.85,0.0124,1.0,1
6.283945,5,2067.89,0.0124,1.0,1
6.293881,6,2087.76,0.0125,1.0,1
6.298336,7,2096.67,0.0252,2.0,1
6.308137,0,2116.27,0.0000,0.0,1
6.312534,1,2125.07,0.0255,2.0,1
6.322205,2,2144.41,-0.0129,-1.0,1
6.326544,3,2153.09,0.0000,0.0,1
6.336090,4,2172.18,-0.0130,-1.0,1
6.340375,5,2180.75,0.0131,1.0,1
6.349800,6,2199.60,-0.0132,-1.0,1
6.354032,7,2208.06,0.0265,2.0,1
6.363343,0,2226.68,0.0134,1.0,1
6.367522,1,2235.04,0.0268,2.0,1
6.376722,2,2253.44,-0.0135,-1.0,1
6.380852,3,2261.70,0.0000,0.0,1
6.389945,4,2279.89,0.0137,1.0,1
6.394026,5,2288.05,0.0137,1.0,1
6.403015,6,2306.03,0.0000,0.0,1
6.407052,7,2314.10,0.0000,0.0,1
6.415939,0,2331.88,-0.0140,-1.0,1
6.419932,1,2339.86,0.0281,2.0,1
6.428722,2,2357.44,0.0000,0.0,1
6.432671,3,2365.34,0.0000,0.0,1
6.441367,4,2382.73,0.0000,0.0,1
6.445275,5,2390.55,0.0287,2.0,1
6.453881,6,2407.76,0.0000,0.0,1
6.457747,7,2415.49,0.0145,1.0,1
6.466266,0,2432.53,0.0292,2.0,1
6.470093,1,2440.19,0.0146,1.0,1
6.478525,2,2457.05,-0.0295,-2.0,1
6.482315,3,2464.63,0.0296,2.0,1
6.490664,4,2481.33,0.0149,1.0,1
6.494417,5,2488.83,0.0149,1.0,1
6.502685,6,2505.37,0.0150,1.0,1
6.506402,7,2512.80,0.0302,2.0,1
6.514593,0,2529.18,-0.0152,-1.0,1
6.518275,1,2536.55,0.0304,2.0,1
6.526389,2,2552.78,0.0153,1.0,1
6.530037,3,2560.07,0.0154,1.0,1
6.538076,4,2576.15,-0.0309,-2.0,1
6.541692,5,2583.38,0.0000,0.0,1
6.549660,6,2599.32,-0.0156,-1.0,1
6.553244,7,2606.49,0.0156,1.0,1
6.561141,0,2622.28,0.0000,0.0,1
6.564693,1,2629.39,0.0316,2.0,1
6.572522,2,2645.04,0.0000,0.0,1
6.576043,3,2652.09,0.0000,0.0,1
6.583807,4,2667.61,0.0000,0.0,1
6.587297,5,2674.59,-0.0160,-1.0,1
6.594996,6,2689.99,-0.0161,-1.0,1
6.598459,7,2696.92,-0.0162,-1.0,1
6.606094,0,2712.19,-0.0163,-1.0,1
6.609529,1,2719.06,0.0000,0.0,1
6.617102,2,2734.20,0.0164,1.0,1
6.620509,3,2741.02,0.0164,1.0,1
6.628021,4,2756.04,0.0165,1.0,1
6.631401,5,2762.80,0.0000,0.0,1
6.638855,6,2777.71,-0.0333,-2.0,1
6.642209,7,2784.42,0.0167,1.0,1
6.649605,0,2799.21,-0.0168,-1.0,1
6.652937,1,2800.00,0.0168,1.0,0
6.660318,2,2800.00,-0.0168,-1.0,0
6.663651,3,2800.00,-0.0168,-1.0,0
6.671032,4,2800.00,-0.0168,-1.0,0
6.674366,5,2800.00,0.0000,0.0,0
6.681746,6,2800.00,-0.0168,-1.0,0
6.685079,7,2800.00,0.0000,0.0,0
6.692460,0,2800.00,-0.0336,-2.0,0
6.695794,1,2800.00,-0.0168,-1.0,0
6.703176,2,2800.00,0.0168,1.0,0
6.706508,3,2800.00,0.0000,0.0,0
6.713889,4,2800.00,0.0000,0.0,0
6.717223,5,2800.00,-0.0168,-1.0,0
6.724603,6,2800.00,-0.0336,-2.0,0
6.727937,7,2800.00,0.0000,0.0,0
6.735318,0,2800.00,0.0000,0.0,0
6.738652,1,2800.00,0.0168,1.0,0
6.746033,2,2800.00,0.0000,0.0,0
6.749365,3,2800.00,0.0000,0.0,0
6.756746,4,2800.00,-0.0168,-1.0,0
6.760080,5,2800.00,-0.0168,-1.0,0
6.767462,6,2800.00,0.0000,0.0,0
6.770794,7,2800.00,-0.0168,-1.0,0
6.778175,0,2800.00,0.0000,0.0,0
6.781508,1,2800.00,0.0000,0.0,0
6.788889,2,2800.00,0.0000,0.0,0
6.792222,3,2800.00,0.0000,0.0,0
6.799604,4,2800.00,0.0000,0.0,0
6.802938,5,2800.00,0.0168,1.0,0
6.810318,6,2800.00,-0.0168,-1.0,0
6.813651,7,2800.00,0.0000,0.0,0
6.821032,0,2800.00,0.0000,0.0,0
6.824366,1,2800.00,0.0168,1.0,0
6.831747,2,2800.00,0.0000,0.0,0
6.835080,3,2800.00,-0.0168,-1.0,0
6.842461,4,2800.00,-0.0168,-1.0,0
6.845794,5,2800.00,-0.0168,-1.0,0
6.853175,6,2800.00,-0.0168,-1.0,0
6.856509,7,2800.00,0.0168,1.0,0
6.863889,0,2800.00,0.0000,0.0,0
6.867223,1,2800.00,-0.0168,-1.0,0
6.874603,2,2800.00,-0.0168,-1.0,0
6.877937,3,2800.00,0.0000,0.0,0
6.885318,4,2800.00,0.0000,0.0,0
6.888652,5,2800.00,0.0000,0.0,0
6.896032,6,2800.00,0.0000,0.0,0
6.899365,7,2800.00,0.0168,1.0,0
6.906746,0,2800.00,0.0000,0.0,0
6.910081,1,2800.00,0.0000,0.0,0
6.917462,2,2800.00,0.0000,0.0,0
6.920794,3,2800.00,-0.0168,-1.0,0
6.928175,4,2800.00,-0.0168,-1.0,0
6.931508,5,2800.00,-0.0168,-1.0,0
6.938890,6,2800.00,0.0168,1.0,0
6.942222,7,2800.00,-0.0168,-1.0,0
6.949604,0,2800.00,0.0168,1.0,0
6.952937,1,2800.00,-0.0168,-1.0,0
6.960319,2,2800.00,0.0168,1.0,0
6.963652,3,2800.00,0.0168,1.0,0
6.971033,4,2800.00,0.0000,0.0,0
6.974365,5,2800.00,0.0000,0.0,0
6.981747,6,2800.00,0.0168,1.0,0
6.985079,7,2800.00,-0.0168,-1.0,0
6.992461,0,2800.00,-0.0168,-1.0,0
6.995795,1,2800.00,0.0000,0.0,0
7.003175,2,2800.00,-0.0168,-1.0,0
7.006508,3,2800.00,-0.0168,-1.0,0
7.013890,4,2800.00,0.0168,1.0,0
7.017223,5,2800.00,0.0000,0.0,0
7.024604,6,2800.00,-0.0168,-1.0,0
7.027937,7,2800.00,0.0168,1.0,0
7.035318,0,2800.00,0.0000,0.0,0
7.038651,1,2800.00,0.0000,0.0,0
7.046032,2,2800.00,-0.0168,-1.0,0
7.049365,3,2800.00,0.0000,0.0,0
7.056746,4,2800.00,0.0000,0.0,0
7.060080,5,2800.00,0.0000,0.0,0
7.067461,6,2800.00,-0.0168,-1.0,0
7.070794,7,2800.00,0.0000,0.0,0
7.078175,0,2800.00,0.0000,0.0,0
7.081509,1,2800.00,0.0000,0.0,0
7.088889,2,2800.00,0.0000,0.0,0
7.092223,3,2800.00,0.0504,3.0,0
7.099604,4,2800.00,-0.0168,-1.0,0
7.102937,5,2800.00,0.0168,1.0,0
7.110318,6,2800.00,-0.0168,-1.0,0
7.113651,7,2800.00,0.0000,0.0,0
7.121033,0,2800.00,0.0000,0.0,0
7.124366,1,2800.00,0.0000,0.0,0
7.131746,2,2800.00,0.0000,0.0,0
7.135079,3,2800.00,-0.0168,-1.0,0
7.142462,4,2800.00,0.0168,1.0,0
7.145794,5,2800.00,-0.0168,-1.0,0
7.153175,6,2800.00,-0.0168,-1.0,0
7.156508,7,2800.00,-0.0168,-1.0,0
7.163889,0,2800.00,-0.0168,-1.0,0
7.167222,1,2800.00,0.0000,0.0,0
7.174603,2,2800.00,0.0000,0.0,0
7.177937,3,2800.00,0.0168,1.0,0
7.185318,4,2800.00,-0.0168,-1.0,0
7.188652,5,2800.00,0.0168,1.0,0
7.196033,6,2800.00,0.0168,1.0,0
7.199366,7,2800.00,0.0168,1.0,0
7.206746,0,2800.00,0.0000,0.0,0
7.210080,1,2800.00,0.0168,1.0,0
7.217461,2,2800.00,0.0000,0.0,0
7.220795,3,2800.00,0.0000,0.0,0
7.228175,4,2800.00,0.0000,0.0,0
7.231508,5,2800.00,0.0000,0.0,0
7.238890,6,2800.00,0.0000,0.0,0
7.242223,7,2800.00,0.0000,0.0,0
7.249604,0,2800.00,0.0168,1.0,0
7.252937,1,2800.00,0.0168,1.0,0
7.260318,2,2800.00,0.0000,0.0,0
7.263651,3,2800.00,0.0000,0.0,0
7.271033,4,2800.00,0.0000,0.0,0
7.274365,5,2800.00,0.0000,0.0,0
7.281746,6,2800.00,-0.0504,-3.0,0
7.285080,7,2800.00,0.0336,2.0,0
7.292461,0,2800.00,0.0168,1.0,0
7.295794,1,2800.00,0.0168,1.0,0
7.303175,2,2800.00,-0.0168,-1.0,0
7.306508,3,2800.00,0.0000,0.0,0
7.313889,4,2800.00,0.0000,0.0,0
7.317224,5,2800.00,0.0336,2.0,0
7.324604,6,2800.00,-0.0168,-1.0,0
7.327937,7,2800.00,0.0000,0.0,0
7.335319,0,2800.00,0.0000,0.0,0
7.338652,1,2800.00,0.0168,1.0,0
7.346033,2,2800.00,0.0000,0.0,0
7.349365,3,2800.00,0.0000,0.0,0
7.356746,4,2800.00,0.0000,0.0,0
7.360080,5,2800.00,0.0168,1.0,0
7.367461,6,2800.00,0.0168,1.0,0
7.370794,7,2800.00,0.0000,0.0,0
7.378175,0,2800.00,0.0168,1.0,0
7.381508,1,2800.00,-0.0168,-1.0,0
7.388890,2,2800.00,0.0168,1.0,0
7.392223,3,2800.00,0.0336,2.0,0
7.399603,4,2800.00,-0.0504,-3.0,0
7.402937,5,2800.00,0.0336,2.0,0
7.410318,6,2800.00,-0.0168,-1.0,0
7.413652,7,2800.00,0.0000,0.0,0
7.421032,0,2800.00,0.0000,0.0,0
7.424365,1,2800.00,0.0168,1.0,0
7.431746,2,2800.00,0.0000,0.0,0
7.435080,3,2800.00,0.0000,0.0,0
7.442461,4,2800.00,-0.0168,-1.0,0
7.445794,5,2800.00,-0.0168,-1.0,0
7.453175,6,2800.00,-0.0336,-2.0,0
7.456509,7,2800.00,0.0000,0.0,0
7.463889,0,2800.00,0.0000,0.0,0
7.467223,1,2800.00,-0.0168,-1.0,0
7.474604,2,2800.00,0.0000,0.0,0
7.477937,3,2800.00,0.0168,1.0,0
7.485317,4,2800.00,0.0000,0.0,0
7.488652,5,2800.00,-0.0168,-1.0,0
7.496032,6,2800.00,0.0000,0.0,0
7.499365,7,2800.00,0.0000,0.0,0
7.506746,0,2800.00,0.0000,0.0,0
7.510080,1,2800.00,0.0000,0.0,0
7.517462,2,2800.00,0.0000,0.0,0
7.520794,3,2800.00,0.0168,1.0,0
7.528175,4,2800.00,-0.0168,-1.0,0
7.531508,5,2800.00,-0.0168,-1.0,0
7.538889,6,2800.00,0.0000,0.0,0
7.542223,7,2800.00,0.0168,1.0,0
7.549604,0,2800.00,-0.0168,-1.0,0
7.552937,1,2800.00,0.0336,2.0,0
7.560317,2,2800.00,0.0000,0.0,0
7.563652,3,2800.00,0.0168,1.0,0
7.571033,4,2800.00,0.0000,0.0,0
7.574366,5,2800.00,0.0000,0.0,0
7.581747,6,2800.00,0.0168,1.0,0
7.585080,7,2800.00,-0.0168,-1.0,0
7.592461,0,2800.00,0.0168,1.0,0
7.595794,1,2800.00,-0.0168,-1.0,0
7.603175,2,2800.00,-0.0168,-1.0,0
7.606509,3,2800.00,0.0168,1.0,0
7.613889,4,2800.00,-0.0168,-1.0,0
7.617222,5,2800.00,-0.0168,-1.0,0
7.624604,6,2800.00,0.0000,0.0,0
7.627938,7,2800.00,0.0168,1.0,0
7.635318,0,2800.00,-0.0168,-1.0,0
7.638652,1,2800.00,0.0000,0.0,0
7.646032,2,2800.00,-0.0168,-1.0,0
7.649365,3,2800.00,-0.0168,-1.0,0
7.656746,4,2800.00,0.0000,0.0,0
7.660080,5,2800.00,0.0000,0.0,0
7.667462,6,2800.00,0.0168,1.0,0
7.670794,7,2800.00,0.0168,1.0,0
7.678175,0,2800.00,-0.0168,-1.0,0
7.681509,1,2800.00,0.0336,2.0,0
7.688890,2,2800.00,0.0168,1.0,0
7.692223,3,2800.00,0.0168,1.0,0
7.699603,4,2800.00,-0.0168,-1.0,0
7.702937,5,2800.00,0.0168,1.0,0
7.710318,6,2800.00,-0.0168,-1.0,0
7.713651,7,2800.00,0.0168,1.0,0
7.721032,0,2800.00,-0.0168,-1.0,0
7.724365,1,2800.00,0.0000,0.0,0
7.731747,2,2800.00,0.0000,0.0,0
7.735080,3,2800.00,0.0000,0.0,0
7.742460,4,2800.00,-0.0168,-1.0,0
7.745794,5,2800.00,0.0168,1.0,0
7.753175,6,2800.00,-0.0336,-2.0,0
7.756509,7,2800.00,0.0168,1.0,0
7.763890,0,2800.00,0.0000,0.0,0
7.767223,1,2800.00,-0.0168,-1.0,0
7.774604,2,2800.00,-0.0168,-1.0,0
7.777937,3,2800.00,0.0168,1.0,0
7.785318,4,2800.00,0.0336,2.0,0
7.788650,5,2800.00,-0.0168,-1.0,0
7.796033,6,2800.00,0.0168,1.0,0
7.799365,7,2800.00,0.0000,0.0,0
7.806747,0,2800.00,0.0168,1.0,0
7.810080,1,2800.00,0.0168,1.0,0
7.817461,2,2800.00,-0.0168,-1.0,0
7.820794,3,2800.00,0.0168,1.0,0
7.828175,4,2800.00,0.0168,1.0,0
7.831509,5,2800.00,0.0168,1.0,0
7.838889,6,2800.00,0.0000,0.0,0
7.842223,7,2800.00,0.0336,2.0,0
7.849604,0,2800.00,-0.0168,-1.0,0
7.852936,1,2800.00,0.0000,0.0,0
7.860317,2,2800.00,-0.0168,-1.0,0
7.863651,3,2800.00,-0.0168,-1.0,0
7.871032,4,2800.00,0.0000,0.0,0
7.874366,5,2800.00,0.0168,1.0,0
7.881747,6,2800.00,0.0000,0.0,0
7.885079,7,2800.00,0.0000,0.0,0
7.892461,0,2800.00,-0.0168,-1.0,0
7.895794,1,2800.00,-0.0168,-1.0,0
7.903175,2,2800.00,-0.0168,-1.0,0
7.906508,3,2800.00,0.0000,0.0,0
7.913889,4,2800.00,-0.0168,-1.0,0
7.917222,5,2800.00,0.0000,0.0,0
7.924604,6,2800.00,0.0168,1.0,0
7.927937,7,2800.00,0.0000,0.0,0
7.935317,0,2800.00,-0.0168,-1.0,0
7.938651,1,2800.00,-0.0168,-1.0,0
7.946032,2,2800.00,-0.0168,-1.0,0
7.949365,3,2800.00,0.0000,0.0,0
7.956747,4,2800.00,0.0168,1.0,0
7.960080,5,2800.00,-0.0168,-1.0,0
7.967461,6,2800.00,-0.0168,-1.0,0
7.970794,7,2800.00,-0.0168,-1.0,0
7.978175,0,2800.00,0.0168,1.0,0
7.981508,1,2800.00,-0.0168,-1.0,0
7.988889,2,2800.00,0.0168,1.0,0
7.992222,3,2800.00,0.0000,0.0,0
7.999603,4,2800.00,0.0000,0.0,1
8.002939,5,2797.06,-0.0168,-1.0,1
8.010340,6,2789.66,0.0000,0.0,1
8.013690,7,2786.31,0.0167,1.0,1
8.021120,0,2778.88,0.0167,1.0,1
8.024481,1,2775.52,-0.0167,-1.0,1
8.031941,2,2768.06,-0.0166,-1.0,1
8.035316,3,2764.68,0.0166,1.0,1
8.042804,4,2757.20,0.0165,1.0,1
8.046194,5,2753.81,0.0165,1.0,1
8.053711,6,2746.29,0.0000,0.0,1
8.057113,7,2742.89,0.0165,1.0,1
8.064660,0,2735.34,-0.0328,-2.0,1
8.068077,1,2731.92,0.0164,1.0,1
8.075655,2,2724.35,-0.0163,-1.0,1
8.079085,3,2720.92,0.0000,0.0,1
8.086694,4,2713.31,-0.0163,-1.0,1
8.090137,5,2709.86,0.0000,0.0,1
8.097777,6,2702.22,-0.0324,-2.0,1
8.101235,7,2698.77,-0.0162,-1.0,1
8.108907,0,2691.09,0.0000,0.0,1
8.112379,1,2687.62,0.0161,1.0,1
8.120083,2,2679.92,0.0322,2.0,1
8.123569,3,2676.43,-0.0161,-1.0,1
8.131306,4,2668.70,0.0000,0.0,1
8.134806,5,2665.19,0.0160,1.0,1
8.142575,6,2657.43,-0.0159,-1.0,1
8.146092,7,2653.91,0.0159,1.0,1
8.153893,0,2646.11,0.0159,1.0,1
8.157424,1,2642.58,-0.0159,-1.0,1
8.165260,2,2634.74,0.0000,0.0,1
8.168806,3,2631.19,0.0000,0.0,1
8.176676,4,2623.33,-0.0157,-1.0,1
8.180237,5,2619.76,0.0157,1.0,1
8.188141,6,2611.86,-0.0157,-1.0,1
8.191719,7,2608.28,0.0000,0.0,1
8.199658,0,2600.34,0.0000,0.0,1
8.203251,1,2596.75,0.0000,0.0,1
8.211225,2,2588.78,0.0000,0.0,1
8.214836,3,2585.17,0.0000,0.0,1
8.222844,4,2577.16,0.0000,0.0,1
8.226471,5,2573.53,-0.0154,-1.0,1
8.234517,6,2565.48,-0.0154,-1.0,1
8.238158,7,2561.84,-0.0154,-1.0,1
8.246243,0,2553.76,0.0000,0.0,1
8.249902,1,2550.10,-0.0306,-2.0,1
8.258023,2,2541.98,0.0153,1.0,1
8.261699,3,2538.30,0.0000,0.0,1
8.269857,4,2530.14,0.0000,0.0,1
8.273550,5,2526.45,0.0152,1.0,1
8.281747,6,2518.25,-0.0151,-1.0,1
8.285458,7,2514.54,-0.0151,-1.0,1
8.293693,0,2506.31,0.0000,0.0,1
8.297422,1,2502.58,0.0150,1.0,1
8.305697,2,2494.30,-0.0150,-1.0,1
8.309444,3,2490.56,0.0149,1.0,1
8.317760,4,2482.24,0.0298,2.0,1
8.321524,5,2478.48,-0.0297,-2.0,1
8.329880,6,2470.12,-0.0296,-2.0,1
8.333663,7,2466.34,0.0000,0.0,1
8.342061,0,2457.94,-0.0147,-1.0,1
8.345862,1,2454.14,0.0000,0.0,1
8.354302,2,2445.70,-0.0293,-2.0,1
8.358123,3,2441.88,0.0000,0.0,1
8.366605,4,2433.40,0.0146,1.0,1
8.370446,5,2429.56,0.0146,1.0,1
8.378971,6,2421.03,0.0436,3.0,1
8.382831,7,2417.17,0.0145,1.0,1
8.391400,0,2408.60,0.0145,1.0,1
8.395279,1,2404.72,-0.0144,-1.0,1
8.403893,2,2396.11,0.0000,0.0,1
8.407793,3,2392.21,0.0000,0.0,1
8.416452,4,2383.55,-0.0143,-1.0,1
8.420373,5,2379.63,-0.0143,-1.0,1
8.429079,6,2370.92,0.0142,1.0,1
8.433020,7,2366.98,0.0000,0.0,1
8.441771,0,2358.23,0.0000,0.0,1
8.445735,1,2354.27,-0.0141,-1.0,1
8.454534,2,2345.47,-0.0141,-1.0,1
8.458519,3,2341.48,0.0281,2.0,1
8.467365,4,2332.64,0.0140,1.0,1
8.471371,5,2328.63,-0.0279,-2.0,1
8.480267,6,2319.73,-0.0139,-1.0,1
8.484296,7,2315.70,0.0139,1.0,1
8.493243,0,2306.76,0.0000,0.0,1
8.497295,1,2302.71,0.0276,2.0,1
8.506291,2,2293.71,0.0000,0.0,1
8.510366,3,2289.64,-0.0137,-1.0,1
8.519415,4,2280.59,-0.0137,-1.0,1
8.523513,5,2276.49,-0.0137,-1.0,1
8.532613,6,2267.39,-0.0272,-2.0,1
8.536736,7,2263.27,-0.0136,-1.0,1
8.545890,0,2254.11,-0.0270,-2.0,1
8.550036,1,2249.96,0.0000,0.0,1
8.559245,2,2240.76,-0.0269,-2.0,1
8.563417,3,2236.58,0.0000,0.0,1
8.572681,4,2227.32,0.0000,0.0,1
8.576877,5,2223.12,-0.0267,-2.0,1
8.586198,6,2213.80,0.0000,0.0,1
8.590419,7,2209.58,0.0133,1.0,1
8.599797,0,2200.20,0.0000,0.0,1
8.604046,1,2195.96,0.0132,1.0,1
8.613482,2,2186.52,0.0000,0.0,1
8.617757,3,2182.24,0.0000,0.0,1
8.627252,4,2172.75,-0.0261,-2.0,1
8.631555,5,2168.45,-0.0260,-2.0,1
8.641111,6,2158.89,-0.0130,-1.0,1
8.645441,7,2154.56,0.0000,0.0,1
8.655060,0,2144.94,0.0257,2.0,1
8.659417,1,2140.58,0.0128,1.0,1
8.669099,2,2130.90,0.0128,1.0,1
8.673486,3,2126.52,-0.0255,-2.0,1
8.683231,4,2116.77,-0.0381,-3.0,1
8.687647,5,2112.35,-0.0127,-1.0,1
8.697460,6,2102.54,0.0000,0.0,1
8.701906,7,2098.10,0.0126,1.0,1
8.711784,0,2088.22,-0.0125,-1.0,1
8.716262,1,2083.74,0.0125,1.0,1
8.726209,2,2073.79,0.0000,0.0,1
8.730717,3,2069.28,0.0124,1.0,1
8.740733,4,2059.27,-0.0124,-1.0,1
8.745273,5,2054.73,0.0000,0.0,1
8.755362,6,2044.64,0.0245,2.0,1
8.759934,7,2040.07,-0.0122,-1.0,1
8.770095,0,2029.91,0.0000,0.0,1
8.774701,1,2025.30,0.0122,1.0,1
8.784936,2,2015.06,0.0000,0.0,1
8.789576,3,2010.43,0.0000,0.0,1
8.799888,4,2000.11,0.0000,0.0,1
8.804562,5,1995.44,-0.0120,-1.0,1
8.814952,6,1985.05,0.0119,1.0,1
8.819663,7,1980.34,0.0119,1.0,1
8.830132,0,1969.87,-0.0236,-2.0,1
8.834878,1,1965.12,-0.0236,-2.0,1
8.845430,2,1954.57,0.0117,1.0,1
8.850213,3,1949.79,0.0117,1.0,1
8.860847,4,1939.15,0.0000,0.0,1
8.865670,5,1934.33,0.0000,0.0,1
8.876389,6,1923.61,-0.0115,-1.0,1
8.881250,7,1918.75,-0.0230,-2.0,1
8.892058,0,1907.94,0.0114,1.0,1
8.896959,1,1903.04,0.0114,1.0,1
8.907856,2,1892.15,0.0000,0.0,1
8.912799,3,1887.20,0.0000,0.0,1
8.923788,4,1876.21,0.0000,0.0,1
8.928772,5,1871.23,0.0000,0.0,1
8.939855,6,1860.15,-0.0112,-1.0,1
8.944883,7,1855.12,-0.0111,-1.0,1
8.956063,0,1843.94,0.0000,0.0,1
8.961135,1,1838.87,0.0110,1.0,1
8.972415,2,1827.59,-0.0219,-2.0,1
8.977533,3,1822.47,-0.0328,-3.0,1
8.988915,4,1811.09,-0.0109,-1.0,1
8.994079,5,1805.92,0.0000,0.0,1
9.005566,6,1794.44,-0.0215,-2.0,1
9.010778,7,1789.22,-0.0215,-2.0,1
9.022374,0,1777.63,0.0000,0.0,1
9.027635,1,1772.37,0.0000,0.0,1
9.039343,2,1760.66,-0.0106,-1.0,1
9.044655,3,1755.35,0.0105,1.0,1
9.056475,4,1743.53,0.0000,0.0,1
9.061841,5,1738.16,0.0104,1.0,1
9.073778,6,1726.22,-0.0207,-2.0,1
9.079198,7,1720.80,0.0000,0.0,1
9.091258,0,1708.74,0.0000,0.0,1
9.096732,1,1703.27,0.0000,0.0,1
9.108917,2,1691.08,-0.0101,-1.0,1
9.114448,3,1685.55,0.0000,0.0,1
9.126763,4,1673.24,-0.0201,-2.0,1
9.132354,5,1667.65,0.0000,0.0,1
9.144801,6,1655.20,0.0000,0.0,1
9.150453,7,1649.55,-0.0297,-3.0,1
9.163038,0,1636.96,-0.0098,-1.0,1
9.168754,1,1631.25,0.0000,0.0,1
9.181481,2,1618.52,-0.0194,-2.0,1
9.187262,3,1612.74,0.0000,0.0,1
9.200138,4,1599.86,0.0096,1.0,1
9.205986,5,1594.01,-0.0191,-2.0,1
9.219014,6,1580.99,0.0000,0.0,1
9.224932,7,1575.07,0.0095,1.0,1
9.238118,0,1561.88,0.0375,4.0,1
9.244110,1,1555.89,0.0000,0.0,1
9.257458,2,1542.54,-0.0185,-2.0,1
9.263526,3,1536.47,-0.0092,-1.0,1
9.277046,4,1522.95,0.0091,1.0,1
9.283190,5,1516.81,-0.0182,-2.0,1
9.296888,6,1503.11,-0.0090,-1.0,1
9.303111,7,1500.00,0.0000,0.0,0
9.316889,0,1500.00,0.0000,0.0,0
9.323111,1,1500.00,0.0000,0.0,0
9.336889,2,1500.00,0.0000,0.0,0
9.343112,3,1500.00,0.0180,2.0,0
9.356889,4,1500.00,0.0000,0.0,0
9.363111,5,1500.00,-0.0090,-1.0,0
9.376890,6,1500.00,0.0090,1.0,0
9.383111,7,1500.00,-0.0360,-4.0,0
9.396889,0,1500.00,0.0000,0.0,0
9.403111,1,1500.00,-0.0270,-3.0,0
9.416888,2,1500.00,-0.0180,-2.0,0
9.423112,3,1500.00,0.0000,0.0,0
9.436890,4,1500.00,0.0090,1.0,0
9.443111,5,1500.00,0.0000,0.0,0
9.456890,6,1500.00,0.0000,0.0,0
9.463111,7,1500.00,-0.0090,-1.0,0
9.476889,0,1500.00,-0.0090,-1.0,0
9.483112,1,1500.00,0.0270,3.0,0
9.496890,2,1500.00,0.0090,1.0,0
9.503111,3,1500.00,0.0090,1.0,0
9.516889,4,1500.00,-0.0180,-2.0,0
9.523112,5,1500.00,0.0000,0.0,0
9.536889,6,1500.00,0.0000,0.0,0
9.543112,7,1500.00,0.0270,3.0,0
9.556890,0,1500.00,0.0270,3.0,0
9.563111,1,1500.00,-0.0180,-2.0,0
9.576890,2,1500.00,0.0090,1.0,0
9.583112,3,1500.00,0.0270,3.0,0
9.596889,4,1500.00,0.0000,0.0,0
9.603112,5,1500.00,0.0090,1.0,0
9.616889,6,1500.00,-0.0090,-1.0,0
9.623112,7,1500.00,-0.0090,-1.0,0
9.636889,0,1500.00,0.0090,1.0,0
9.643111,1,1500.00,-0.0090,-1.0,0
9.656889,2,1500.00,0.0090,1.0,0
9.663111,3,1500.00,-0.0090,-1.0,0
9.676890,4,1500.00,0.0180,2.0,0
9.683111,5,1500.00,0.0000,0.0,0
9.696890,6,1500.00,0.0090,1.0,0
9.703111,7,1500.00,-0.0090,-1.0,0
9.716889,0,1500.00,-0.0090,-1.0,0
9.723111,1,1500.00,0.0000,0.0,0
9.736890,2,1500.00,0.0000,0.0,0
9.743111,3,1500.00,0.0090,1.0,0
9.756890,4,1500.00,0.0090,1.0,0
9.763112,5,1500.00,0.0270,3.0,0
9.776889,6,1500.00,0.0000,0.0,0
9.783112,7,1500.00,0.0000,0.0,0
9.796889,0,1500.00,-0.0180,-2.0,0
9.803112,1,1500.00,0.0270,3.0,0
9.816889,2,1500.00,-0.0180,-2.0,0
9.823111,3,1500.00,-0.0090,-1.0,0
9.836889,4,1500.00,-0.0090,-1.0,0
9.843111,5,1500.00,-0.0090,-1.0,0
9.856889,6,1500.00,-0.0090,-1.0,0
9.863111,7,1500.00,-0.0270,-3.0,0
9.876889,0,1500.00,-0.0090,-1.0,0
9.883111,1,1500.00,-0.0180,-2.0,0
9.896889,2,1500.00,-0.0090,-1.0,0
9.903110,3,1500.00,-0.0270,-3.0,0
9.916889,4,1500.00,0.0000,0.0,0
9.923112,5,1500.00,0.0000,0.0,0
9.936889,6,1500.00,0.0000,0.0,0
9.943112,7,1500.00,-0.0090,-1.0,0
9.956889,0,1500.00,-0.0090,-1.0,0
9.963111,1,1500.00,0.0000,0.0,0
9.976889,2,1500.00,-0.0450,-5.0,0
9.983111,3,1500.00,0.0000,0.0,0
9.996889,4,1500.00,-0.0090,-1.0,0
10.003111,5,1500.00,-0.0180,-2.0,0
10.016889,6,1500.00,0.0000,0.0,0
10.023111,7,1500.00,0.0090,1.0,0
10.036889,0,1500.00,0.0090,1.0,0
10.043112,1,1500.00,0.0090,1.0,0
10.056889,2,1500.00,0.0090,1.0,0
10.063112,3,1500.00,0.0180,2.0,0
10.076889,4,1500.00,0.0000,0.0,0
10.083111,5,1500.00,0.0000,0.0,0
10.096889,6,1500.00,0.0090,1.0,0
10.103112,7,1500.00,0.0000,0.0,0
10.116890,0,1500.00,0.0090,1.0,0
10.123111,1,1500.00,0.0090,1.0,0
10.136890,2,1500.00,0.0090,1.0,0
10.143111,3,1500.00,0.0000,0.0,0
10.156889,4,1500.00,0.0090,1.0,0
10.163112,5,1500.00,0.0000,0.0,0
10.176889,6,1500.00,0.0000,0.0,0
10.183111,7,1500.00,-0.0090,-1.0,0
10.196889,0,1500.00,0.0000,0.0,0
10.203112,1,1500.00,0.0000,0.0,0
10.216890,2,1500.00,0.0090,1.0,0
10.223111,3,1500.00,-0.0090,-1.0,0
10.236889,4,1500.00,0.0090,1.0,0
10.243111,5,1500.00,0.0180,2.0,0
10.256888,6,1500.00,-0.0090,-1.0,0
10.263111,7,1500.00,-0.0450,-5.0,0
10.276889,0,1500.00,0.0000,0.0,0
10.283111,1,1500.00,-0.0090,-1.0,0
10.296890,2,1500.00,0.0090,1.0,0
10.303111,3,1500.00,-0.0090,-1.0,0
10.316890,4,1500.00,0.0090,1.0,0
10.323111,5,1500.00,0.0000,0.0,0
10.336889,6,1500.00,0.0000,0.0,0
10.343111,7,1500.00,0.0000,0.0,0
10.356889,0,1500.00,-0.0270,-3.0,0
10.363112,1,1500.00,0.0270,3.0,0
10.376889,2,1500.00,0.0000,0.0,0
10.383112,3,1500.00,0.0180,2.0,0
10.396889,4,1500.00,0.0090,1.0,0
10.403111,5,1500.00,0.0000,0.0,0
10.416889,6,1500.00,0.0000,0.0,0
10.423111,7,1500.00,0.0000,0.0,0
10.436890,0,1500.00,0.0090,1.0,0
10.443112,1,1500.00,-0.0090,-1.0,0
10.456890,2,1500.00,0.0180,2.0,0
10.463112,3,1500.00,0.0180,2.0,0
10.476889,4,1500.00,0.0090,1.0,0
10.483112,5,1500.00,0.0270,3.0,0
10.496889,6,1500.00,-0.0090,-1.0,0
10.503112,7,1500.00,0.0000,0.0,0
10.516890,0,1500.00,0.0180,2.0,0
10.523112,1,1500.00,0.0000,0.0,0
10.536890,2,1500.00,0.0180,2.0,0
10.543112,3,1500.00,0.0180,2.0,0
10.556890,4,1500.00,0.0090,1.0,0
10.563111,5,1500.00,-0.0180,-2.0,0
10.576889,6,1500.00,0.0000,0.0,0
10.583112,7,1500.00,0.0000,0.0,0
10.596889,0,1500.00,-0.0090,-1.0,0
10.603111,1,1500.00,0.0000,0.0,0
10.616890,2,1500.00,-0.0090,-1.0,0
10.623111,3,1500.00,-0.0090,-1.0,0
10.636889,4,1500.00,0.0000,0.0,0
10.643111,5,1500.00,-0.0090,-1.0,0
10.656889,6,1500.00,0.0000,0.0,0
10.663111,7,1500.00,-0.0360,-4.0,0
10.676889,0,1500.00,0.0000,0.0,0
10.683111,1,1500.00,-0.0180,-2.0,0
10.696889,2,1500.00,-0.0090,-1.0,0
10.703112,3,1500.00,0.0000,0.0,0
10.716890,4,1500.00,0.0000,0.0,0
10.723111,5,1500.00,-0.0180,-2.0,0
10.736889,6,1500.00,0.0090,1.0,0
10.743112,7,1500.00,0.0090,1.0,0
10.756889,0,1500.00,-0.0180,-2.0,0
10.763111,1,1500.00,-0.0180,-2.0,0
10.776889,2,1500.00,-0.0270,-3.0,0
10.783111,3,1500.00,0.0000,0.0,0
10.796889,4,1500.00,0.0000,0.0,0
10.803112,5,1500.00,0.0090,1.0,0
10.816889,6,1500.00,0.0000,0.0,0
10.823111,7,1500.00,-0.0180,-2.0,0
10.836890,0,1500.00,0.0270,3.0,0
10.843112,1,1500.00,0.0090,1.0,0
10.856890,2,1500.00,0.0180,2.0,0
10.863112,3,1500.00,0.0090,1.0,0
10.876890,4,1500.00,0.0180,2.0,0
10.883112,5,1500.00,-0.0090,-1.0,0
10.896889,6,1500.00,0.0090,1.0,0
10.903111,7,1500.00,0.0000,0.0,0
10.916888,0,1500.00,-0.0180,-2.0,0
10.923111,1,1500.00,-0.0090,-1.0,0
10.936889,2,1500.00,0.0000,0.0,0
10.943112,3,1500.00,0.0090,1.0,0
10.956889,4,1500.00,-0.0090,-1.0,0
10.963111,5,1500.00,0.0090,1.0,0
10.976889,6,1500.00,0.0000,0.0,0
10.983112,7,1500.00,0.0180,2.0,0
10.996889,0,1500.00,0.0180,2.0,0
